{
  "pf": 0.9685054895633312,
  "wr": 0.5101851851851852,
  "max_dd": -0.03163889541900139
}